Bin,Row,36N sequence,Duplicates,A,C,G,T,"Platereader fluorescence (low gain, monochromator, normalized to OD and to bin 1 fluorescence)","""duplicate measurements"""
1,B,AAGCCCCCCCGTCAACATCTGTGTTGAAGGTGACAT,,9,11,8,8,1.53,
1,C,GAATTCGATAGCTCTTATATCACTAACATCAGAGTG,,12,7,6,11,0.91,
1,D,GGTATCCAGCAAACGAACGAAAAAGTCGTGGAACGA,,15,7,10,4,1.12,
1,E,ACCCCCAAGTCCCGCGTGTGAGTGCCACCATTAGGT,,7,13,9,7,0.83,
1,G,CTAGAGTCTAATACTAAAACCTCGGATTCCTGAGGT,,11,8,7,10,1.23,
2,C,AGAAGCGTGACACCCATACTTGAATAGTAAATGAAC,,15,7,7,7,0.96,
2,D,AGAGACACGTGCTCGGCTATTTTTGGTGGCAAGTTA,,8,6,11,11,0.88,
2,E,TCACGCACGAGAGTACGAGTAGGGCGATGCAAATTG,,11,7,12,6,0.81,
2,F,TCTCAAGACCTGAAATGCCTATTTTATCTGGCGGAC,,9,9,7,11,0.66,
2,H,CCGTTTAAGCAGCGGTTATTTTTAATTAGTGCTTAC,,8,6,7,15,1.05,
3,A,AGCTTGCCGTATGACCCTACTGCAAGGCCGTTGTAC,,7,11,9,9,0.93,
3,B,AACACATCGTGCGCGAGAAGTGTTGCGGTCCGGGGA,,8,8,14,6,0.92,
3,D,GAAAAATCCTAACTCCGTTTGCTCTTTTTCATGGAA,,10,8,5,13,1.11,
3,E,AGAACAAATACTGATCGGCCACTTACTCAGACCAAA,,15,10,5,6,0.91,
3,G,GGCAAAAGCTGCGAGTACTGAAGTAGGACTGGGGTT,,10,5,14,7,0.49,
3,H,TGGCCATAACCGCCTCCAACGAACATTTCAATGTTT,,10,11,5,10,0.98,
4,B,CCGATATATACACACAGACATTTCTATTTTCATGCG,,11,9,4,12,1.55,
4,D,GGCCTGAGAAAAGTAGCAGTTTCAAATGGTCGCATG,,11,6,11,8,1.34,
4,E,TTTAGATTTCATAGACCATGCTATCCCCTTCGGAGA,,9,9,6,12,1.25,
4,F,GACACCTTGCTAAAATATTCCGGGTCTTCCCTTGAA,,9,10,6,11,1.22,
4,G,CTTTAACAAATCCCAGTTGCACGCATCTGAAGTGAT,,11,9,6,10,2.01,
4,H,GCAGTTAAATACGCTAGATCAAAGTAGTGTCTTTTG,,11,5,8,12,1.87,
5,B,AAAAGTACATTGGGTCTATATATGTGGAGTATTATC,,12,3,8,13,2.2,
5,C,CTAAAATCAAAATATTATGTGGTTAGATACATCGTT,,14,4,5,13,1.3,
5,D,ATTAGGTACGGAACTCTCCGCCATTACTAGTTTGGG,,8,8,9,11,2.42,
5,G,ATATGTGTAAACCCCGGGTGAACACATTTTAATTGG,,11,6,8,11,1.51,
5,H,GGAGGACACTCATTTTGCGGTCAGATCCCCGCGCGT,,6,11,11,8,1.16,
6,A,GACCCACAAGTAATCAAGTTCCTCTATGATTTCATG,,11,9,5,11,2.78,
6,B,CCTCTTTAGAGGTGACTGGTCTATGCGCCGAGGATG,,6,8,12,10,1.08,
6,D,TCGTTTGCACAGAACTAGGCTACGGGAGTATAGATG,,10,6,11,9,2.9,
6,E,GCCATGTCTTCCGATCTTATGGAGACTACGCAACGT,,8,10,8,10,4.6,
6,F,GGCCTACTATGAAAACATCATACGAGGGATCTAAAT,,14,7,7,8,4.1,
6,H,GGATAGAATGTCGAGGACTTATCATTTTTGTTCGCT,,8,5,9,14,3.35,
7,B,TAGAGATAATACAATCCAGTGCGGGGACTTTACTGT,,11,6,9,10,3.94,
7,C,TCAACTCGTAGACAAAAAGCACCTATACTGGCGTAG,,13,9,7,7,7.79,
7,D,CTGATACGTTCCGAATCGCACCGTGCAGGCTTAGCT,,7,11,9,9,6.07,
7,E,GACAAGAAACCAATACATTATCATCCTCAGGACGCC,,14,11,5,6,7.25,
7,F,GAAACACTGCTTACACTTTTGATAGGGTGACGATCA,,11,7,8,10,6.02,
7,G,GCCCGGAGCGGAAGTGCAATAGTAATATCGCGTTTT,,9,7,11,9,4.48,
7,H,TCCTGAGTAACTGCTAGTCTTGACATCGAGTAAGTG,,9,7,9,11,5.3,
8,B,TCATTAGCTACTCACCAGCGAACTATTTGTGATCCA,,10,10,5,11,0.78,
8,C,AATTTAGAACCGAGATGAAGACGAGCTGTTTGCTAG, = 8D,12,5,10,9,0.96,1.42
8,F,CGTGGCCAAGGAAGCCTTGTTCAGGTAAGGTGTGTG,,7,6,14,9,8.53,
8,G,GCGCTCGAAACAAATAAATTGTATTACGTCCTTGAG,,12,7,7,10,7.02,
8,H,ACTATTATGCTCCAGTCAATTATAATCGATGGCAGA,,12,7,6,11,6.01,
9,A,CGTTGCATACGCTCGTTATTATGTGTACCGTTTATG,,6,7,8,15,21,
9,B,GACCTATAATTTGCAAACCCAACCTTCGCAGGATTA,,12,10,5,9,11.1,
9,C,GACAATGACCGCCCGGATATGGCATAGGAAGCGTTA,,11,8,11,6,12.69,
9,D,TGTGATTGCGGAGAATAATAGTTAAAGTATTGAGGA,,13,1,11,11,30.38,
9,E,TTCACTCAAACCAAAGCCCAACTATACTTACTGATG,,13,11,3,9,10.69,
9,F,TGCGCCTAGATAGCATACTGGGCTAGGATTGCTAAA,,10,7,10,9,10.6,
9,G,GTAGACGCTCAGTCGGTGCTTTGCTAGTTTTATCCT,,5,8,9,14,10.38,
9,H,GTCGTACTCTAGGATATCGCCGTGCGACTGTTTGGG,,5,8,12,11,21.02,
10,A,CCCAAACACTTTGTCTCCGTGTAGTATATCTAATTC,,9,10,4,13,43.41,
10,B,GCAGACATAATCTTACCTTGTTAGGATTTGCCGCGA, = 10G,9,8,8,11,52.46,36.23
10,C,GTCTACAAGCACAGAATTTTATAACTTGTGTTGCGG,,10,6,8,12,20.48,
10,E,ATTATACACTCTCACACTTTCATTTGAATTGTTGGG,,9,7,5,15,17.16,
10,H,TCTTCCTTGATCAAAGGTCAAATAGTGGTTACGTTA,,10,6,7,13,44.34,
11,B,TACAAATACAGGATCACCCTATAAAATTGAGAGCTG,,15,7,6,8,128.35,
11,C,GAACGGTAAGTCTGAAGCTGTTATCTTTCACTAAAA,,12,6,7,11,43.13,
11,D,CACTATAGACCTGTCCTGCTGTATACTTGGTTTTGG,,6,8,8,14,90.15,
11,E,GACATAAATGGACGTTTCGCGTAAATCTTATACAGT,,12,6,7,11,81.91,
11,G,GCGCTAATATGTAACAGTTTCATTCTAAACTTGTCT,,10,7,5,14,29.29,
11,H,GATAACAGTCGGGCGCTCATGATATCTTTGGTCCCT,,7,9,9,11,24.79,
12,A,GACACCAGATGGAATTTGAGCCATCATGCAGTCATC,,11,9,8,8,267.37,
12,B,CGCGTATACTCACGAAGGACAACTGTATGGCGAGCG,,10,9,11,6,112.6,
12,C,TCCTTGCCAATCGGGGACTGATTATGCTTAGATAGA,,9,7,9,11,113.07,
12,D,CCCTGTTGTGTAATCCCCTTACTGCCTGTTATAATA,,7,10,5,14,109.74,
12,E,CTAATTACTTGTCACCTGGCGGCAAATGCGTTATCA,,9,9,7,11,279.38,
12,F,GAGGGACACACAGAAGGGGTGTACTATTGGTGGTGA,,10,4,15,7,86.03,
12,G,CTTGACGGCACGCATGTGCCCACGTAGAATGTCTAT, = 12 H,8,10,9,9,180.75,202.54