ID,Upstream DNA,Promoter Sequence,Downstream DNA,Observed Fluorescence [au],Stddev Fluorescence [au],Predicted log(TX/Txref),Observed log(TX/Txref)
1,AAAGAGACGCTTTCGAGCGTCTTTTTTCGTTTTGGTCCAACA,GGATCCCTCGGTCTTTTTTATCTACGTTGACACTATTACCTATTACTCTAGTATTGCGCTTAGTCTAGCATAGTATTTACGTTGAATTC,AGCTGTCACCGGATGTGCTTTCCGGTCTGATGAGTCCGTGAGGACGAAACAGCCTCTACAAATAATTTTGTTTAAGATCAAATTTCGAGGTTCCAT,9.172412871999999,0.3599138557957498,-3.54170930647064,-2.562449254569752
2,AAAGAGACGCTTTCGAGCGTCTTTTTTCGTTTTGGTCCAACA,GGATCCGGGCGTGTCACAGTTGGCAAATTATCAATATACGTAGTTTATAATTGCTTATAATGTGGTCTGCAGGATTGTACACAGAATTC,AGCTGTCACCGGATGTGCTTTCCGGTCTGATGAGTCCGTGAGGACGAAACAGCCTCTACAAATAATTTTGTTTAAGATCAAATTTCGAGGTTCCAT,3.2472267150000005,0.25683008218344094,-2.40856848886324,-1.524050189792246
3,AAAGAGACGCTTTCGAGCGTCTTTTTTCGTTTTGGTCCAACA,GGATCCATTAATCATGCATTGAAATATCGCACACAGTTTATGGTAAAATTCCCTGCAAAGGCGTGGACACGAGCCAGGGGTTTGAATTC,AGCTGTCACCGGATGTGCTTTCCGGTCTGATGAGTCCGTGAGGACGAAACAGCCTCTACAAATAATTTTGTTTAAGATCAAATTTCGAGGTTCCAT,24.75662994,0.6921955633581813,-2.67797984938517,-3.555342205701453
4,AAAGAGACGCTTTCGAGCGTCTTTTTTCGTTTTGGTCCAACA,GGATCCTCCCTCCCCAGGATGGAACAATTTGACAATCGGGGGGTGCATAATTAAACTTCGCGCTAAGGGGCGATGAAGTGCGGGAATTC,AGCTGTCACCGGATGTGCTTTCCGGTCTGATGAGTCCGTGAGGACGAAACAGCCTCTACAAATAATTTTGTTTAAGATCAAATTTCGAGGTTCCAT,229.2643889999999,1.923309728808429,-3.68324080054272,-5.781124750902288
5,AAAGAGACGCTTTCGAGCGTCTTTTTTCGTTTTGGTCCAACA,GGATCCTGCTCCGTCGTGTGTGTGCTCGACGCACGCGTGGGGGTGGTGACACTTTCTCTCTCCCCACGTCCGCGTTTTGATCTGAATTC,AGCTGTCACCGGATGTGCTTTCCGGTCTGATGAGTCCGTGAGGACGAAACAGCCTCTACAAATAATTTTGTTTAAGATCAAATTTCGAGGTTCCAT,0.707336426,2.197613557209699,-2.01034871423251,0.0
6,AAAGAGACGCTTTCGAGCGTCTTTTTTCGTTTTGGTCCAACA,GGATCCCATTGAGTGTTCTATCTGAGTCGACACTGATTCGGATTTCTCTTATAATCAGACCGACTCTTCCTTTGTTTGTGCGAATTC,AGCTGTCACCGGATGTGCTTTCCGGTCTGATGAGTCCGTGAGGACGAAACAGCCTCTACAAATAATTTTGTTTAAGATCAAATTTCGAGGTTCCAT,98.74552154999996,4.045072445690002,-2.9220786140293,-4.938794927556005
7,AAAGAGACGCTTTCGAGCGTCTTTTTTCGTTTTGGTCCAACA,GGATCCGGCACCCGGGGCGAAGAAAATTGACACTATTTCCTATTTCTCTTATAATTTGTGTTCTCTACCTTAGTTTGTACGTTGAATTC,AGCTGTCACCGGATGTGCTTTCCGGTCTGATGAGTCCGTGAGGACGAAACAGCCTCTACAAATAATTTTGTTTAAGATCAAATTTCGAGGTTCCAT,482.7992095999998,33.56439606012705,-3.61521025649112,-6.525849728300802
8,AAAGAGACGCTTTCGAGCGTCTTTTTTCGTTTTGGTCCAACA,GGATCCAACTTGCTGTGCCGGCCAATTGGTCGGTGGAATTATTGTGATCAACGGGGGGGTAAAATAGTACGCGATGCTAACTTGAATTC,AGCTGTCACCGGATGTGCTTTCCGGTCTGATGAGTCCGTGAGGACGAAACAGCCTCTACAAATAATTTTGTTTAAGATCAAATTTCGAGGTTCCAT,2.9655532839999985,4.597483434102204,-2.3444264543423,-1.4333124962957364
9,AAAGAGACGCTTTCGAGCGTCTTTTTTCGTTTTGGTCCAACA,GGATCCAAAAAACCCAGGTTGAATGGCCAAAAGGTTAAGGCCTTGGTATAATCCCAACGAAGGGGGGATAAAATGAAGACTGTGAATTC,AGCTGTCACCGGATGTGCTTTCCGGTCTGATGAGTCCGTGAGGACGAAACAGCCTCTACAAATAATTTTGTTTAAGATCAAATTTCGAGGTTCCAT,90.45868683000002,1.370634395362427,-3.19576365490703,-4.851142123558001
10,AAAGAGACGCTTTCGAGCGTCTTTTTTCGTTTTGGTCCAACA,GGATCCCAAACCATAGGGGGCCCCGGGGTGATATAATCCCCTGAAGGGGGGATAAAATGGGGGGTTCTACCATCGCATCGCAGGAATTC,AGCTGTCACCGGATGTGCTTTCCGGTCTGATGAGTCCGTGAGGACGAAACAGCCTCTACAAATAATTTTGTTTAAGATCAAATTTCGAGGTTCCAT,9.230117798000002,0.5522545393104896,-2.66879257664346,-2.568720687142448
11,AAAGAGACGCTTTCGAGCGTCTTTTTTCGTTTTGGTCCAACA,GGATCCCAACCATGCCGCGTCCCTGCACCTAAAAACAGCCTTGTTGCCTAGGGCTTCAGAGGTCTATAATATTACTAAGTCTAGAATTC,AGCTGTCACCGGATGTGCTTTCCGGTCTGATGAGTCCGTGAGGACGAAACAGCCTCTACAAATAATTTTGTTTAAGATCAAATTTCGAGGTTCCAT,153.99216460000005,13.607155223163701,-3.33107023226988,-5.383150598094043
12,AAAGAGACGCTTTCGAGCGTCTTTTTTCGTTTTGGTCCAACA,GGATCCCAGCCGCGCCTTCCGCTGCCCCCAGACCGACCCAAATTGATTGGAACGCCGGAACCAGTTATTATATTGACATAAAGGAATTC,AGCTGTCACCGGATGTGCTTTCCGGTCTGATGAGTCCGTGAGGACGAAACAGCCTCTACAAATAATTTTGTTTAAGATCAAATTTCGAGGTTCCAT,68.25935363999999,7.170483123783416,-3.48718698788363,-4.569563350540535
13,AAAGAGACGCTTTCGAGCGTCTTTTTTCGTTTTGGTCCAACA,GGATCCCAAATTGCTGCCCCCCAACCTTAATGATATAATTGTATAAGGGGGGATAAAATGAAAGGAAGGAGGCATATCACATCGAATTC,AGCTGTCACCGGATGTGCTTTCCGGTCTGATGAGTCCGTGAGGACGAAACAGCCTCTACAAATAATTTTGTTTAAGATCAAATTTCGAGGTTCCAT,77.27785491999997,0.4664880628143369,-3.53633845128191,-4.69365630846823
14,AAAGAGACGCTTTCGAGCGTCTTTTTTCGTTTTGGTCCAACA,GGATCCCCAGAAAAACCCAGGTTGAATCCAACCAACCCCTGCTATAATCCCCTCAAGGGGTAAAATGGAGAAGGTTGTCGATGGAATTC,AGCTGTCACCGGATGTGCTTTCCGGTCTGATGAGTCCGTGAGGACGAAACAGCCTCTACAAATAATTTTGTTTAAGATCAAATTTCGAGGTTCCAT,22.878372190000007,0.8359345242188867,-2.78364933082735,-3.4764408946342598
15,AAAGAGACGCTTTCGAGCGTCTTTTTTCGTTTTGGTCCAACA,GGATCCAAATTGGAAGGCCCCGGCCTTGGGGGGGGTGATATAATTGTTGTACAAGGGGGGATAAAATGGAGAGTGGCAACGATGAATTC,AGCTGTCACCGGATGTGCTTTCCGGTCTGATGAGTCCGTGAGGACGAAACAGCCTCTACAAATAATTTTGTTTAAGATCAAATTTCGAGGTTCCAT,2.9635086059999995,0.5941505297790468,-2.39571469601669,-1.4326227824357738
16,AAAGAGACGCTTTCGAGCGTCTTTTTTCGTTTTGGTCCAACA,GGATCCCTCGGATATGAGTGCCACCAGAAAAACCCAGGTTGCTGTTAACCGGGGCCTGATATAATCCCTGTAAGGGGTAAAATGAATTC,AGCTGTCACCGGATGTGCTTTCCGGTCTGATGAGTCCGTGAGGACGAAACAGCCTCTACAAATAATTTTGTTTAAGATCAAATTTCGAGGTTCCAT,5.451091765999999,0.3752998157257427,-2.69565382678626,-2.042064788845254
17,AAAGAGACGCTTTCGAGCGTCTTTTTTCGTTTTGGTCCAACA,GGATCCCAGCCCTCTGGGGCCCGGGGGCCCCCCCGGGCCCCGCCCCCCGGCTCAGTCAGAGAGCGCACCGCGCGCGGGCCCCCCCGGGGCCCCCGGGTCCCCCCCGCCGACTCGTTGAGAGAGCGCGAATTC,AGCTGTCACCGGATGTGCTTTCCGGTCTGATGAGTCCGTGAGGACGAAACAGCCTCTACAAATAATTTTGTTTAAGATCAAATTTCGAGGTTCCAT,4.245088437638644,0.0484367021583224,-1.81025041015654,-1.7920115291078775
18,AAAGAGACGCTTTCGAGCGTCTTTTTTCGTTTTGGTCCAACA,GGATCCCCCCGGGCGGGGGGGGGGGGGCCAAGGGGGGGGGCGGATGGTTCGCTCCCCAGAGGGGTCGAATTC,AGCTGTCACCGGATGTGCTTTCCGGTCTGATGAGTCCGTGAGGACGAAACAGCCTCTACAAATAATTTTGTTTAAGATCAAATTTCGAGGTTCCAT,5.181366198828406,1.5349018346701817,-1.81025041015654,-1.9913176426399606
19,AAAGAGACGCTTTCGAGCGTCTTTTTTCGTTTTGGTCCAACA,GGATCCCGGCGAGTAAGGAAAAGGTGGCAGACAATTCGGGCTGCAATCTGTGGGCTAATATCGGCCGAATTC,AGCTGTCACCGGATGTGCTTTCCGGTCTGATGAGTCCGTGAGGACGAAACAGCCTCTACAAATAATTTTGTTTAAGATCAAATTTCGAGGTTCCAT,4.943906869725118,0.36668933073978316,-1.99537930895993,-1.9444047591438458
20,AAAGAGACGCTTTCGAGCGTCTTTTTTCGTTTTGGTCCAACA,GGATCCGTGTACTGGCTGGCAGTCAAGTTGGTCAATGGCGCCTTTGTACGATCTATCCTCCCAGGTGAATTC,AGCTGTCACCGGATGTGCTTTCCGGTCTGATGAGTCCGTGAGGACGAAACAGCCTCTACAAATAATTTTGTTTAAGATCAAATTTCGAGGTTCCAT,4.524154622687793,0.1805696518146869,-2.40185202831565,-1.855679612178345
21,AAAGAGACGCTTTCGAGCGTCTTTTTTCGTTTTGGTCCAACA,GGATCCTAGAACCCACGTCGTTTTTCCCTTTCCAGCCCTGGACTCTCTTCTTAATATTACGCATAAGAATTC,AGCTGTCACCGGATGTGCTTTCCGGTCTGATGAGTCCGTGAGGACGAAACAGCCTCTACAAATAATTTTGTTTAAGATCAAATTTCGAGGTTCCAT,7.902952479807622,0.1569251386338492,-2.67360881498872,-2.4134852974695113
22,AAAGAGACGCTTTCGAGCGTCTTTTTTCGTTTTGGTCCAACA,GGATCCGTGTTGCCGAGTTGGCCCTACTTTGCCCTGAAAGGCCCAAGCTGGTATCGTGCATCGTGGGAATTC,AGCTGTCACCGGATGTGCTTTCCGGTCTGATGAGTCCGTGAGGACGAAACAGCCTCTACAAATAATTTTGTTTAAGATCAAATTTCGAGGTTCCAT,21.627249102864482,9.503710061916063,-2.94397214504081,-3.420202928362147
23,AAAGAGACGCTTTCGAGCGTCTTTTTTCGTTTTGGTCCAACA,GGATCCTGAAGTGTCTCTATGTAAGAACAAGACTGGACTTAGATCGTCCTTCGTCTAAAATAGACCGAATTC,AGCTGTCACCGGATGTGCTTTCCGGTCTGATGAGTCCGTGAGGACGAAACAGCCTCTACAAATAATTTTGTTTAAGATCAAATTTCGAGGTTCCAT,109.55464760241604,5.485051693703316,-3.05682356846513,-5.042672365822936
24,AAAGAGACGCTTTCGAGCGTCTTTTTTCGTTTTGGTCCAACA,GGATCCGAAGGCAGAAGATTCGACCCGGTTTGACACCTAGGCCTACGTGTGGTATACCGCAACCTAGAATTC,AGCTGTCACCGGATGTGCTTTCCGGTCTGATGAGTCCGTGAGGACGAAACAGCCTCTACAAATAATTTTGTTTAAGATCAAATTTCGAGGTTCCAT,361.8513291688457,27.979282048790115,-3.28290838833882,-6.237482310760186
25,AAAGAGACGCTTTCGAGCGTCTTTTTTCGTTTTGGTCCAACA,GGATCCCACGAGTTAGATCTATACCCAACTGTTGCAACGTAGATAGTGTGAAGGTATAGTGCCTATGAATTC,AGCTGTCACCGGATGTGCTTTCCGGTCTGATGAGTCCGTGAGGACGAAACAGCCTCTACAAATAATTTTGTTTAAGATCAAATTTCGAGGTTCCAT,573.5416915262089,17.28168196542098,-3.53059223040119,-6.698079506768262
26,AAAGAGACGCTTTCGAGCGTCTTTTTTCGTTTTGGTCCAACA,GGATCCCTTCTCATCTGCTGATTGTTCCCTTGACACACCTACACCTCCTTGCTACAGTTATAAAGAGAATTC,AGCTGTCACCGGATGTGCTTTCCGGTCTGATGAGTCCGTGAGGACGAAACAGCCTCTACAAATAATTTTGTTTAAGATCAAATTTCGAGGTTCCAT,1032.5630774995861,35.65219920035862,-3.70834440421598,-7.286048291174016
27,AAAGAGACGCTTTCGAGCGTCTTTTTTCGTTTTGGTCCAACA,GGATCCGAGCGGTACTGATTAACATCTAATGACATGGCCCGACGTACCGTCTATTATCATCAACGTGAATTC,AGCTGTCACCGGATGTGCTTTCCGGTCTGATGAGTCCGTGAGGACGAAACAGCCTCTACAAATAATTTTGTTTAAGATCAAATTTCGAGGTTCCAT,78.21122619604692,38.64782212892003,-3.73407089440564,-4.705662070937665
28,AAAGAGACGCTTTCGAGCGTCTTTTTTCGTTTTGGTCCAACA,GGATCCTGAAGATGCTAAGACGTACTTCTAAGTTGACAGGGGTGTGCCGGATCTATAATTCTCCGGGAATTC,AGCTGTCACCGGATGTGCTTTCCGGTCTGATGAGTCCGTGAGGACGAAACAGCCTCTACAAATAATTTTGTTTAAGATCAAATTTCGAGGTTCCAT,9.629300133125293,1.8470083622579025,-3.11336063884578,-2.611059423676689
29,AAAGAGACGCTTTCGAGCGTCTTTTTTCGTTTTGGTCCAACA,GGATCCTTTGTGTTTATTTTTACGTATATTTTTACATTCACGGTGATGAATGGTATAATTCTCATGGAATTC,AGCTGTCACCGGATGTGCTTTCCGGTCTGATGAGTCCGTGAGGACGAAACAGCCTCTACAAATAATTTTGTTTAAGATCAAATTTCGAGGTTCCAT,302.4676961743306,9.98494535989917,-4.2575744210365,-6.05822335845773
30,AAAGAGACGCTTTCGAGCGTCTTTTTTCGTTTTGGTCCAACA,GGATCCACTCAATCCACAATTAATTTCGTCTTGACACGTCAGGCAGACAGATCTATAATACTCGTGGAATTC,AGCTGTCACCGGATGTGCTTTCCGGTCTGATGAGTCCGTGAGGACGAAACAGCCTCTACAAATAATTTTGTTTAAGATCAAATTTCGAGGTTCCAT,1078.9180195585864,55.51010725746891,-4.36633783680281,-7.329962860400954
31,AAAGAGACGCTTTCGAGCGTCTTTTTTCGTTTTGGTCCAACA,GGATCCAAATTACGTCCTTACATATTTGTTGACATGGGTAGCCGCTTTTGCTATAATCGACCGAGTGAATTC,AGCTGTCACCGGATGTGCTTTCCGGTCTGATGAGTCCGTGAGGACGAAACAGCCTCTACAAATAATTTTGTTTAAGATCAAATTTCGAGGTTCCAT,1046.0665712797659,5.596454352211438,-4.46690098744114,-7.299041162466184
32,AAAGAGACGCTTTCGAGCGTCTTTTTTCGTTTTGGTCCAACA,GGATCCGGTGTAGGTAGGCGTCTAATAATTTCTTGACACCAGGGTACATAAGTGCTATAATTCTCTGAATTC,AGCTGTCACCGGATGTGCTTTCCGGTCTGATGAGTCCGTGAGGACGAAACAGCCTCTACAAATAATTTTGTTTAAGATCAAATTTCGAGGTTCCAT,1007.5727564327817,23.440827073769352,-4.54609550196182,-7.261548382230678
33,AAAGAGACGCTTTCGAGCGTCTTTTTTCGTTTTGGTCCAACA,GGATCCCACATGTGTCTGTATCTATATATAATTTGACAAACTCCAAACGTATATGTATAATCGCCGGAATTC,AGCTGTCACCGGATGTGCTTTCCGGTCTGATGAGTCCGTGAGGACGAAACAGCCTCTACAAATAATTTTGTTTAAGATCAAATTTCGAGGTTCCAT,956.8058816316637,97.68011837775991,-4.59227798938393,-7.209849406563342
34,AAAGAGACGCTTTCGAGCGTCTTTTTTCGTTTTGGTCCAACA,GGATCCATATATATATATATATATATATATATTGACACCATTATCATTACCTGGTATAATCGCACGGAATTC,AGCTGTCACCGGATGTGCTTTCCGGTCTGATGAGTCCGTGAGGACGAAACAGCCTCTACAAATAATTTTGTTTAAGATCAAATTTCGAGGTTCCAT,969.0285333812111,13.862171652161777,-4.71417257830483,-7.222542933866659
35,AAAGAGACGCTTTCGAGCGTCTTTTTTCGTTTTGGTCCAACA,GGATCCTTTGACATATATATAATTTGACAATATAATCACACATTTATTATTATGCATATTATAATAGAATTC,AGCTGTCACCGGATGTGCTTTCCGGTCTGATGAGTCCGTGAGGACGAAACAGCCTCTACAAATAATTTTGTTTAAGATCAAATTTCGAGGTTCCAT,594.631512452523,71.6800497676926,-4.24453338959631,-6.734190783089061
,,,,,,,
Note:,All promoter were designed to have 16-18 bp spacers,,,,,,
Note:,Values are white-cell corrected,,,,,,
