ID,Upstream DNA,Promoter Sequence,Downstream DNA,Observed Fluorescence [au],Observed log(TX/Txref),Predicted log(TX/Txref)
0,TTTCAGATAAAAAAAATCCTTAGCTTTCGCTAAGGATGATTTCTGGAATTCGCGGCCGCATCTAGAG,CTGATAGCTAGCTCAGTCCTAGGGATTATGCTAGC,TACTAGTGAAAGAGGAGAAATACTAGATG,17.0,-2.833213344056216,-2.150917410289
1,TTTCAGATAAAAAAAATCCTTAGCTTTCGCTAAGGATGATTTCTGGAATTCGCGGCCGCATCTAGAG,CTGATGGCTAGCTCAGTCCTAGGGATTATGCTAGC,TACTAGTGAAAGAGGAGAAATACTAGATG,21.0,-3.044522437723423,-2.21443894088509
2,TTTCAGATAAAAAAAATCCTTAGCTTTCGCTAAGGATGATTTCTGGAATTCGCGGCCGCATCTAGAG,TTTACAGCTAGCTCAGTCCTAGGGACTGTGCTAGC,TACTAGTGAAAGAGGAGAAATACTAGATG,106.0,-4.663439094112067,-2.28441486375118
3,TTTCAGATAAAAAAAATCCTTAGCTTTCGCTAAGGATGATTTCTGGAATTCGCGGCCGCATCTAGAG,TTGACAGCTAGCTCAGTCCTAGGGATTGTGCTAGC,TACTAGTGAAAGAGGAGAAATACTAGATG,162.0,-5.087596335232384,-2.7696045304313
4,TTTCAGATAAAAAAAATCCTTAGCTTTCGCTAAGGATGATTTCTGGAATTCGCGGCCGCATCTAGAG,TTTATGGCTAGCTCAGTCCTAGGTACAATGCTAGC,TACTAGTGAAAGAGGAGAAATACTAGATG,256.0,-5.545177444479562,-2.74379399211866
5,TTTCAGATAAAAAAAATCCTTAGCTTTCGCTAAGGATGATTTCTGGAATTCGCGGCCGCATCTAGAG,TTTATAGCTAGCTCAGTCCTAGGTACAATGCTAGC,TACTAGTGAAAGAGGAGAAATACTAGATG,387.0,-5.958424693029782,-2.83051155511902
6,TTTCAGATAAAAAAAATCCTTAGCTTTCGCTAAGGATGATTTCTGGAATTCGCGGCCGCATCTAGAG,TTGACAGCTAGCTCAGTCCTAGGGACTATGCTAGC,TACTAGTGAAAGAGGAGAAATACTAGATG,396.0,-5.981414211254481,-3.06787196081633
7,TTTCAGATAAAAAAAATCCTTAGCTTTCGCTAAGGATGATTTCTGGAATTCGCGGCCGCATCTAGAG,TTTACGGCTAGCTCAGTCCTAGGTACTATGCTAGC,TACTAGTGAAAGAGGAGAAATACTAGATG,623.0,-6.434546518787453,-2.90836845689462
8,TTTCAGATAAAAAAAATCCTTAGCTTTCGCTAAGGATGATTTCTGGAATTCGCGGCCGCATCTAGAG,TTTACGGCTAGCTCAGTCCTAGGTACAATGCTAGC,TACTAGTGAAAGAGGAGAAATACTAGATG,844.0,-6.738152494595957,-2.92886661604165
9,TTTCAGATAAAAAAAATCCTTAGCTTTCGCTAAGGATGATTTCTGGAATTCGCGGCCGCATCTAGAG,TTTACGGCTAGCTCAGTCCTAGGTATTATGCTAGC,TACTAGTGAAAGAGGAGAAATACTAGATG,908.0,-6.811244378601294,-3.12347446316263
10,TTTCAGATAAAAAAAATCCTTAGCTTTCGCTAAGGATGATTTCTGGAATTCGCGGCCGCATCTAGAG,TTTACGGCTAGCTCAGTCCTAGGTATAGTGCTAGC,TACTAGTGAAAGAGGAGAAATACTAGATG,1185.0,-7.077498053569231,-2.87628865920208
11,TTTCAGATAAAAAAAATCCTTAGCTTTCGCTAAGGATGATTTCTGGAATTCGCGGCCGCATCTAGAG,CTGACAGCTAGCTCAGTCCTAGGTATAATGCTAGC,TACTAGTGAAAGAGGAGAAATACTAGATG,1303.0,-7.172424577124845,-3.39377863342705
12,TTTCAGATAAAAAAAATCCTTAGCTTTCGCTAAGGATGATTTCTGGAATTCGCGGCCGCATCTAGAG,TTGACGGCTAGCTCAGTCCTAGGTATTGTGCTAGC,TACTAGTGAAAGAGGAGAAATACTAGATG,1429.0,-7.264730177929867,-2.94748510518617
13,TTTCAGATAAAAAAAATCCTTAGCTTTCGCTAAGGATGATTTCTGGAATTCGCGGCCGCATCTAGAG,TTGACGGCTAGCTCAGTCCTAGGTATAGTGCTAGC,TACTAGTGAAAGAGGAGAAATACTAGATG,1487.0,-7.304515946460155,-3.25785910071495
14,TTTCAGATAAAAAAAATCCTTAGCTTTCGCTAAGGATGATTTCTGGAATTCGCGGCCGCATCTAGAG,TTTACAGCTAGCTCAGTCCTAGGTATTATGCTAGC,TACTAGTGAAAGAGGAGAAATACTAGATG,1791.0,-7.490529402060711,-3.59653817731939
15,TTTCAGATAAAAAAAATCCTTAGCTTTCGCTAAGGATGATTTCTGGAATTCGCGGCCGCATCTAGAG,TTGACAGCTAGCTCAGTCCTAGGTATTGTGCTAGC,TACTAGTGAAAGAGGAGAAATACTAGATG,1831.0,-7.5126175446745105,-3.42054881934293
16,TTTCAGATAAAAAAAATCCTTAGCTTTCGCTAAGGATGATTTCTGGAATTCGCGGCCGCATCTAGAG,TTGACAGCTAGCTCAGTCCTAGGTACTGTGCTAGC,TACTAGTGAAAGAGGAGAAATACTAGATG,2179.0,-7.68662133494462,-3.20544281307492
17,TTTCAGATAAAAAAAATCCTTAGCTTTCGCTAAGGATGATTTCTGGAATTCGCGGCCGCATCTAGAG,TTGACGGCTAGCTCAGTCCTAGGTACAGTGCTAGC,TACTAGTGAAAGAGGAGAAATACTAGATG,2547.0,-7.842671474979457,-3.04275309444693
,,,,,,
,,,,,,
,,,,,,
Data Source:,http://parts.igem.org/Part:BBa_J23114,,,,,
