ID,Upstream DNA,Promoter Sequence,Downstream DNA,flow_flu [au],flow_sd [au],Flow Observed log(TX/Txref),txrate [au],txrate_sd [au],txrate Observed log(TX/Txref),rtqpcr [au],rtqpcr_sd [au],rtqpcr Observed Beta*log(TX/Txref),Predicted log(TX/Txref)
0.0,TATCCTCGAGCGCGGAATTCCCTAGGGGATCC,GCTCTCGACAGAAATTCGTGTTGACACTCCAAGAAGGTCCTTTTATAATGATTACCCCCATCGGGCATTTCCGGCGCT,TTCATACCGA,116451.0,1.059196,-7.32205128909208,1476.09,271.4698,-11.2726474072949,20.58533,6.12417,-6.10048034210106,-4.03205449337205
1.0,TATCCTCGAGCGCGGAATTCCCTAGGGGATCC,GATGATACCGGCGTCCCTAGTTGACATGTTATCAGGGTATTTTTATAATAAAGAGCCTGCATACTTGCAATAGGGGTT,TTCATACCGA,57002.11,1.027976,-6.60766899011532,263.8819,25.5311,-9.550997082955,14.58095,4.692563,-5.75561753812527,-3.88921931919627
2.0,TATCCTCGAGCGCGGAATTCCCTAGGGGATCC,GGCGCTCCGTCGGGACAGTTTTGACATTCCTCCTAGTTGAAGCAATAATTACTAGCCCAAACTCTAGTTGTGTGGTAG,TTCATACCGA,48153.21,1.004352,-6.43896850811072,77.46358,1.303809,-8.32530331880486,6.024414,2.387041,-4.87172186915282,-3.19998209034175
3.0,TATCCTCGAGCGCGGAATTCCCTAGGGGATCC,GGTTGAGGACAGTAGATATCTTGACACGGGTTTGTTGGGTCACTATAGTAGGTGGCCTGGTGCTTGATCGCGGCTATG,TTCATACCGA,14640.12,1.001419,-5.24834641064293,19.64102,0.003633,-6.95311566478835,16.8362,5.730509,-5.8994329860611,-3.87444532519644
4.0,TATCCTCGAGCGCGGAATTCCCTAGGGGATCC,TATTTCTTTAAGATTAGAGTTTGACGGGTTTCATTTCCTCTTCGATAATAGCCCACCACGTATTCGCCGTATCGGGGG,TTCATACCGA,2478.846,1.080015,-3.47237383472214,10.17321,0.364363,-6.29525322286047,1.0,0.400403,-3.07590165591709,-2.91226413928345
5.0,TATCCTCGAGCGCGGAATTCCCTAGGGGATCC,CGTCATAAACATACTAGGGCTTGACCGGGACAAAGTCGGCATGAATAATGTTAATCCAGGTTGCAAGGGATGATCAGT,TTCATACCGA,3885.958,1.064622,-3.92195024829,4.667053,0.010448,-5.516023251618,3.186244,0.999896,-4.2347444495321,-2.70310547873693
6.0,TATCCTCGAGCGCGGAATTCCCTAGGGGATCC,AGTTGATCAAGTCTGAATCATTGACTGTTAACATCACGTTACGGATAATACGAAGCCACACATGAAATTCAGGTCTCC,TTCATACCGA,4337.35,1.121003,-4.03184426796448,1.150139,0.010039,-4.11537823301995,0.638692,0.217136,-2.62756871198175,-2.89177666047849
7.0,TATCCTCGAGCGCGGAATTCCCTAGGGGATCC,GTGCAACACCGACCTTGTTTTTGCGAAGGGCCAATCCTGTGTCTAAAATTACACACCCACCTACTGCAAGTTCTCCTC,TTCATACCGA,1219.084,1.022587,-2.76268046248882,0.846897,0.063464,-3.809319230992,0.266002,0.104698,-1.75165020448538,-3.02596994064313
8.0,TATCCTCGAGCGCGGAATTCCCTAGGGGATCC,GGTCAGAGCAATATACAGGCTTGGGACTACGAGCAGCTCGGAATATCATCTTTGGCCCCTAGTTTCGGGCATCTTTGC,TTCATACCGA,250.2364,2.002361,-1.17923149750411,0.01877,0.001585,0.0,0.061415,0.01877,-0.285800481926014,-2.40037370203268
9.0,TATCCTCGAGCGCGGAATTCCCTAGGGGATCC,TCGCTTGCGGCGGAGGTAACTTGTGCCGGCCCGAACCCGATCCTACCATCCCACACCCCGCGTAACGTCCGCCCTCGC,TTCATACCGA,76.95144,1.260645,0.0,0.035217,0.004879,-0.629269069966077,0.046148,0.01397,0.0,-2.43637982375646
,,,,,,,,,,,,,
,,,,,,,,,,,,,
,,,,,,,,,,,,,
,,,,,,,,,,,,,
,,,,,,,,,,,,,
,,,,,,,,,,,,,
,,,,,,,,,,,,,
,,,,,,,,,,,,,
,,,,,,,,,,,,,
,,,,,,,,,,,,,
,r,,,,,,,,,,,,
