Media,Promoter,Rep,ABS590,Ex550Em6630,Relative Fluorescence,,,,,,
LB,Blank,Rep1,-0.002298415,3000,-1305247.106,,,,,,
LB,Blank,Rep2,0.002298415,-3000,-1305247.106,,,,,,
LB,pLac,Rep1,0.890547418,127596,143278.1652,,,,TTTACACTTTATGCTTCCGGCTCGTATGTTGTGTGG,143278.1652,"pLac-LB, Rep1, from 2024_07_03 Fluorescence Data"
LB,pLac,Rep2,0.898603193,127909,142342.027,,,,TTTACACTTTATGCTTCCGGCTCGTATGTTGTGTGG,142342.027,"pLac-LB, Rep2, from 2024_07_03 Fluorescence Data"
LB,Low,Rep1,0.936451099,1755972,1875134.752,,,,TTGACACTATTTCCTATTTCTCTTATAATTTGTGTT,1875134.752,"Low-LB, Rep1, from 2024_07_03 Fluorescence Data"
LB,Low,Rep2,0.888620463,1743759,1962321.454,,,,TTGACACTATTTCCTATTTCTCTTATAATTTGTGTT,1962321.454,"Low-LB, Rep2, from 2024_07_03 Fluorescence Data"
LB,Medium,Rep1,0.741436379,190548,256998.4497,,,,AAGACGCTATTTCCTATTTCTCTTATAATTTGTGTT,256998.4497,"Medium-LB, Rep1, from 2024_07_03 Fluorescence Data"
LB,Medium,Rep2,0.7197686,177964,247251.6862,,,,AAGACGCTATTTCCTATTTCTCTTATAATTTGTGTT,247251.6862,"Medium-LB, Rep2, from 2024_07_03 Fluorescence Data"
LB,High,Rep1,0.801450028,52238,65179.36014,,,,CCCCTATTTCCTATTTCTGTAGTCATAGGGTGTTGC,65179.36014,"High-LB, Rep1, from 2024_07_03 Fluorescence Data"
LB,High,Rep2,0.777206457,54372,69958.24535,,,,CCCCTATTTCCTATTTCTGTAGTCATAGGGTGTTGC,69958.24535,"High-LB, Rep2, from 2024_07_03 Fluorescence Data"
LB,Neg,Rep1,1.066144846,-1517,-1422.883584,,,,,,
LB,Neg,Rep2,1.233685473,2954,2394.451474,,,,,,
LB,P5,Rep1,1.021180518,2595676,2541838.543,,,,TTGACAATTAATCATCCGGCTCGTAATTTATGTGGA,2541838.543,"P5-LB, Rep1, from 2024_07_03 Fluorescence Data"
LB,P5,Rep2,1.177706975,2638352,2240244.863,,,,TTGACAATTAATCATCCGGCTCGTAATTTATGTGGA,2240244.863,"P5-LB, Rep2, from 2024_07_03 Fluorescence Data"
LB,P533A,Rep1,0.762587675,40905,53639.73392,,,,TTAACAATTAATCATCCGGCTCGTAATTTATGTGGA,53639.73392,"P533A-LB, Rep1, from 2024_07_03 Fluorescence Data"
LB,P533A,Rep2,0.745601339,40248,53980.58978,,,,TTAACAATTAATCATCCGGCTCGTAATTTATGTGGA,53980.58978,"P533A-LB, Rep2, from 2024_07_03 Fluorescence Data"
LB,OsmY,Rep1,0.841817272,114575,136104.3587,,,,CCGAGCGGTTTCAAAATTGTGATCTATATTTAACAA,136104.3587,"OsmY-LB, Rep1, from 2024_07_03 Fluorescence Data"
LB,OsmY,Rep2,0.765956165,116805,152495.6718,,,,CCGAGCGGTTTCAAAATTGTGATCTATATTTAACAA,152495.6718,"OsmY-LB, Rep2, from 2024_07_03 Fluorescence Data"
LB,OsmY_C13A,Rep1,0.789105412,180156,228304.0988,,,,CGAGCGGTTTCAAAATTGTGATATATATTTAACAAA,228304.0988,"OsmY_C13A-LB, Rep1, from 2024_07_03 Fluorescence Data"
LB,OsmY_C13A,Rep2,0.724525623,179317,247495.7329,,,,CGAGCGGTTTCAAAATTGTGATATATATTTAACAAA,247495.7329,"OsmY_C13A-LB, Rep2, from 2024_07_03 Fluorescence Data"
M9,Blank,Rep1,0.005532614,537.5,97151.19073,,,,,,
M9,Blank,Rep2,-0.005532614,-537.5,97151.19073,,,,,,
M9,pLac,Rep1,1.124516919,143364.5,127489.8559,,,,,,
M9,pLac,Rep2,1.172257894,154328.5,131650.6384,,,,,,
M9,Low,Rep1,1.097637576,1665030,1516921.465,,,,,,
M9,Low,Rep2,1.179939588,1871351.5,1585972.298,,,,,,
M9,Medium,Rep1,0.589719428,182165.5,308901.9816,,,,,,
M9,Medium,Rep2,0.583960586,193010.5,330519.7382,,,,,,
M9,High,Rep1,0.832970327,60488.5,72617.83291,,,,,,
M9,High,Rep2,0.814532604,-29057,-35673.21906,,,,,,
M9,Neg,Rep1,0.581849172,9804.5,16850.58685,,,,,,
M9,Neg,Rep2,0.517802512,6854.5,13237.67235,,,,,,
M9,P5,Rep1,0.90561277,1895812.5,2093403.011,,,,,,
M9,P5,Rep2,0.789310107,1961291.5,2484817.415,,,,,,
M9,P533A,Rep1,0.831615256,-7321,-8803.349802,,,,,,
M9,P533A,Rep2,0.771602173,80344.5,104126.8451,,,,,,
M9,OsmY,Rep1,0.789683992,175011.5,221622.1956,,,,,,
M9,OsmY,Rep2,0.729862715,157047.5,215174.0277,,,,,,
M9,OsmY_C13A,Rep1,1.00644631,189698.5,188483.4771,,,,,,
M9,OsmY_C13A,Rep2,1.038976672,86476,83231.8976,,,,,,
PBS,Blank,Rep1,0.000799403,-1789,-2237920.615,,,,,,
PBS,Blank,Rep2,-0.000799403,1789,-2237920.615,,,,,,
PBS,pLac,Rep1,0.690093075,81631,118289.8409,,,,,,
PBS,pLac,Rep2,0.680053683,71188,104679.9713,,,,,,
PBS,Low,Rep1,2.567421519,1739052,677353.5188,,,,,,
PBS,Low,Rep2,2.560874346,1692677,660976.2025,,,,,,
PBS,Medium,Rep1,0.69756934,131290,188210.6801,,,,,,
PBS,Medium,Rep2,0.67574028,133474,197522.6341,,,,,,
PBS,High,Rep1,0.769240433,22693,29500.52937,,,,,,
PBS,High,Rep2,0.709168851,23212,32731.27403,,,,,,
PBS,Neg,Rep1,1.677815561,36,21.45647045,,,,,,
PBS,Neg,Rep2,1.609957423,2895,1798.1842,,,,,,
PBS,P5,Rep1,1.476014089,2592198,1756214.943,,,,,,
PBS,P5,Rep2,1.512928673,2556291,1689630.877,,,,,,
PBS,P533A,Rep1,,,,,,,,,
PBS,P533A,Rep2,,,,,,,,,
PBS,OsmY,Rep1,,,,,,,,,
PBS,OsmY,Rep2,,,,,,,,,
PBS,OsmY_C13A,Rep1,0.377068467,72505,192286.0336,,,,,,
PBS,OsmY_C13A,Rep2,0.38200968,66931,175207.6022,,,,,,
