Strain,Sequence,Rep,Date,Abs590,Ex550Em630,Rel_RFP,Pred_RFP
Blank,NaN,Rep1,2024_07_03,0.005532614,537.5,97151.19073,NaN
Blank,NaN,Rep2,2024_07_03,-0.005532614,-537.5,97151.19073,NaN
pLac,AATACTAGAGGTCTTCCGACTTTACACTTTATGCTTCCGGCTCGTATGTTGTGTGGGCGGGAAGACAACTAGGGG,Rep1,2024_07_03,1.124516919,143364.5,127489.8559,0.33783603
pLac,AATACTAGAGGTCTTCCGACTTTACACTTTATGCTTCCGGCTCGTATGTTGTGTGGGCGGGAAGACAACTAGGGG,Rep2,2024_07_03,1.172257894,154328.5,131650.6384,0.33783603
Low,AATACTAGAGGTCTTCCGACTTGACACTATTTCCTATTTCTCTTATAATTTGTGTTGCGGGAAGACAACTAGGGG,Rep1,2024_07_03,1.097637576,1665030,1516921.465,0.4191876
Low,AATACTAGAGGTCTTCCGACTTGACACTATTTCCTATTTCTCTTATAATTTGTGTTGCGGGAAGACAACTAGGGG,Rep2,2024_07_03,1.179939588,1871351.5,1585972.298,0.4191876
Medium,AATACTAGAGGTCTTCCGACAAGACGCTATTTCCTATTTCTCTTATAATTTGTGTTGCGGGAAGACAACTAGGGG,Rep1,2024_07_03,0.589719428,182165.5,308901.9816,0.36585557
Medium,AATACTAGAGGTCTTCCGACAAGACGCTATTTCCTATTTCTCTTATAATTTGTGTTGCGGGAAGACAACTAGGGG,Rep2,2024_07_03,0.583960586,193010.5,330519.7382,0.36585557
High,AATACTAGAGGTCTTCCGACCCCCTATTTCCTATTTCTGTAGTCATAGGGTGTTGCGGGAAGACAACTAGGGG,Rep1,2024_07_03,0.832970327,60488.5,72617.83291,0.29433304
High,AATACTAGAGGTCTTCCGACCCCCTATTTCCTATTTCTGTAGTCATAGGGTGTTGCGGGAAGACAACTAGGGG,Rep2,2024_07_03,0.814532604,-29057,-35673.21906,0.29433304
P5,AATACTAGAGGTCTTCCGACTTGACAATTAATCATCCGGCTCGTAATTTATGTGGAGCGGGAAGACAACTAGGGG,Rep1,2024_07_03,0.90561277,1895812.5,2093403.011,0.47127414
P5,AATACTAGAGGTCTTCCGACTTGACAATTAATCATCCGGCTCGTAATTTATGTGGAGCGGGAAGACAACTAGGGG,Rep2,2024_07_03,0.789310107,1961291.5,2484817.415,0.47127414
P533A,AATACTAGAGGTCTTCCGACTTAACAATTAATCATCCGGCTCGTAATTTATGTGGAGCGGGAAGACAACTAGGGG,Rep1,2024_07_03,0.831615256,-7321,-8803.349802,0.37963012
P533A,AATACTAGAGGTCTTCCGACTTAACAATTAATCATCCGGCTCGTAATTTATGTGGAGCGGGAAGACAACTAGGGG,Rep2,2024_07_03,0.771602173,80344.5,104126.8451,0.37963012
OsmY,ATACTAGAGGTCTTCCGACCCCGAGCGGTTTCAAAATTGTGATCTATATTTAACAAAGCGGGAAGACAACTAGGGG,Rep1,2024_07_03,0.789683992,175011.5,221622.1956,0.40905935
OsmY,ATACTAGAGGTCTTCCGACCCCGAGCGGTTTCAAAATTGTGATCTATATTTAACAAAGCGGGAAGACAACTAGGGG,Rep2,2024_07_03,0.729862715,157047.5,215174.0277,0.40905935
OsmY_C13A,TACTAGAGGTCTTCCGACCCCGAGCGGTTTCAAAATTGTGATATATATTTAACAAAGCGGGAAGACAACTAGGGG,Rep1,2024_07_03,1.00644631,189698.5,188483.4771,0.3973028
OsmY_C13A,TACTAGAGGTCTTCCGACCCCGAGCGGTTTCAAAATTGTGATATATATTTAACAAAGCGGGAAGACAACTAGGGG,Rep2,2024_07_03,1.038976672,86476,83231.8976,0.3973028
neg,AATACTAGAGGTCTTCCGACTCCGGGCGCTATCATGCCATACCGCGAAAGGTTTTGCACCATTCGT,Rep1,2025_02_28,0.3716402,95758,262481,NaN
p125,AATACTAGAGGTCTTCCGACGCATTCGTATTTGGCCCCCCCAAATGTTGGGTGTGGGCGGGAAGACAACTAGGGG,Rep1,2025_02_28,0.4617706,236772,520738,0.125
p250,AATACTAGAGGTCTTCCGACTAAATAGGACTGGTGCAAGCCGACGATGGCGTGTGGGCGGGAAGACAACTAGGGG,Rep1,2025_02_28,0.36794525,276826,769169,0.25
p375,AATACTAGAGGTCTTCCGACTTCTCACTTCAGCAGAAGCTGTGTACACAAGTGTGGGCGGGAAGACAACTAGGGG,Rep1,2025_02_28,0.34485533,179154,536812,0.375
p500,AATACTAGAGGTCTTCCGACTGACAAACCCTCTCACCCTTTATAAGTGGCGTGTGGGCGGGAAGACAACTAGGGG,Rep1,2025_02_28,0.38181484,168329,452642,0.5
p625,AATACTAGAGGTCTTCCGACATTTCAAACTGATACTGATATATAATTCTCGTGTGGGCGGGAAGACAACTAGGGG,Rep1,2025_02_28,0.37868561,1387086,3709729,0.625
p750,AATACTAGAGGTCTTCCGACTTGACTAGGATGATATAATGTATACTTTCCGTGTGGGCGGGAAGACAACTAGGGG,Rep1,2025_02_28,0.32995812,2635947,8121013,0.75
p875,AATACTAGAGGTCTTCCGACTTGACAAAGAGGTTATAATTTATACTATCCGTGTGGGCGGGAAGACAACTAGGGG,Rep1,2025_02_28,0.40122683,4160035,10695105,0.875
p1000_edited,AATACTAGAGGTCTTCCGACTTGACAAGGAGGTTATAATTTAAATAATAGTGTGGGCGGGAAGACAACTAGGGG,Rep1,2025_02_28,0.54002492,338964,645821,0.896
